{
	"info": {
		"_postman_id": "8fd91345-16a6-4bf3-7488-7fbba90fc732",
		"name": "ayo-convertor-api.",
		"schema": "https://schema.getpostman.com/json/collection/v2.1.0/collection.json"
	},
	"item": [
		{
			"name": "Length",
			"protocolProfileBehavior": {
				"disableBodyPruning": true
			},
			"request": {
				"method": "GET",
				"header": [
					{
						"key": "Authorization",
						"type": "text",
						"value": "Bearer eyJhbGciOiJIUzUxMiJ9.eyJzdWIiOiJyYXZpIiwiZXhwIjoxNjA3NTEyMTY5LCJpYXQiOjE2MDc1MDg1Njl9.J1JCtsX_bN7Sz3gDrN9VK38iRqHwcsaO3yTYJA_-OqEre7MeUjl_asmp0DX6KBkqKpUGOQK8SH_qj-d-5ZeRlQ Session eyJhbGciOiJIUzUxMiJ9.eyJzdWIiOiJyYXZpIiwiZXhwIjoxNjA3NTEyMTY5LCJpYXQiOjE2MDc1MDg1Njl9.J1JCtsX_bN7Sz3gDrN9VK38iRqHwcsaO3yTYJA_-OqEre7MeUjl_asmp0DX6KBkqKpUGOQK8SH_qj-d-5ZeRlQ"
					},
					{
						"key": "Cookie",
						"type": "text",
						"value": "eyJhbGciOiJIUzUxMiJ9.eyJzdWIiOiJ0cmV2IiwiZXhwIjoxNTk4ODY3MzA1LCJpYXQiOjE1OTg4NjcwMDV9.JZ-AnhbKPgGt9KTaysUcWR-8kMGBvCQ_c0CPkplIsVPqRVA1aXru54EP53zABEhSiPKNpKbGULpBZyi3ebc9Mw",
						"disabled": true
					},
					{
						"key": "Content-Type",
						"name": "Content-Type",
						"type": "text",
						"value": "application/json"
					}
				],
				"body": {
					"mode": "raw",
					"raw": "\n\t[\n\t\t\t\t\t\t\t\"0123456789\"\n\t\t\t\t\t\t]\n"
				},
				"url": {
					"raw": "http://localhost:8080/convert/length/metric/4.5",
					"protocol": "http",
					"host": [
						"localhost"
					],
					"port": "8080",
					"path": [
						"convert",
						"length",
						"metric",
						"4.5"
					]
				},
				"description": "Converts Kilometer to Mile or vice versa by changing the path variable"
			},
			"response": []
		},
		{
			"name": "Area",
			"protocolProfileBehavior": {
				"disableBodyPruning": true
			},
			"request": {
				"method": "GET",
				"header": [
					{
						"key": "Authorization",
						"type": "text",
						"value": "Bearer eyJhbGciOiJIUzUxMiJ9.eyJzdWIiOiJyYXZpIiwiZXhwIjoxNjA3NTEyMTY5LCJpYXQiOjE2MDc1MDg1Njl9.J1JCtsX_bN7Sz3gDrN9VK38iRqHwcsaO3yTYJA_-OqEre7MeUjl_asmp0DX6KBkqKpUGOQK8SH_qj-d-5ZeRlQ Session eyJhbGciOiJIUzUxMiJ9.eyJzdWIiOiJyYXZpIiwiZXhwIjoxNjA3NTEyMTY5LCJpYXQiOjE2MDc1MDg1Njl9.J1JCtsX_bN7Sz3gDrN9VK38iRqHwcsaO3yTYJA_-OqEre7MeUjl_asmp0DX6KBkqKpUGOQK8SH_qj-d-5ZeRlQ"
					},
					{
						"key": "Cookie",
						"type": "text",
						"value": "eyJhbGciOiJIUzUxMiJ9.eyJzdWIiOiJ0cmV2IiwiZXhwIjoxNTk4ODY3MzA1LCJpYXQiOjE1OTg4NjcwMDV9.JZ-AnhbKPgGt9KTaysUcWR-8kMGBvCQ_c0CPkplIsVPqRVA1aXru54EP53zABEhSiPKNpKbGULpBZyi3ebc9Mw",
						"disabled": true
					},
					{
						"key": "Content-Type",
						"name": "Content-Type",
						"type": "text",
						"value": "application/json"
					}
				],
				"body": {
					"mode": "raw",
					"raw": "\n\t[\n\t\t\t\t\t\t\t\"0123456789\"\n\t\t\t\t\t\t]\n"
				},
				"url": {
					"raw": "http://localhost:8080/convert/area/imperial/4.5",
					"protocol": "http",
					"host": [
						"localhost"
					],
					"port": "8080",
					"path": [
						"convert",
						"area",
						"imperial",
						"4.5"
					]
				},
				"description": "Converts Mile to Kilometer or vice versa by updating the path variable"
			},
			"response": []
		},
		{
			"name": "Volume",
			"protocolProfileBehavior": {
				"disableBodyPruning": true
			},
			"request": {
				"method": "GET",
				"header": [
					{
						"key": "Authorization",
						"type": "text",
						"value": "Bearer eyJhbGciOiJIUzUxMiJ9.eyJzdWIiOiJyYXZpIiwiZXhwIjoxNjA3NTEyMTY5LCJpYXQiOjE2MDc1MDg1Njl9.J1JCtsX_bN7Sz3gDrN9VK38iRqHwcsaO3yTYJA_-OqEre7MeUjl_asmp0DX6KBkqKpUGOQK8SH_qj-d-5ZeRlQ Session eyJhbGciOiJIUzUxMiJ9.eyJzdWIiOiJyYXZpIiwiZXhwIjoxNjA3NTEyMTY5LCJpYXQiOjE2MDc1MDg1Njl9.J1JCtsX_bN7Sz3gDrN9VK38iRqHwcsaO3yTYJA_-OqEre7MeUjl_asmp0DX6KBkqKpUGOQK8SH_qj-d-5ZeRlQ"
					},
					{
						"key": "Cookie",
						"type": "text",
						"value": "eyJhbGciOiJIUzUxMiJ9.eyJzdWIiOiJ0cmV2IiwiZXhwIjoxNTk4ODY3MzA1LCJpYXQiOjE1OTg4NjcwMDV9.JZ-AnhbKPgGt9KTaysUcWR-8kMGBvCQ_c0CPkplIsVPqRVA1aXru54EP53zABEhSiPKNpKbGULpBZyi3ebc9Mw",
						"disabled": true
					},
					{
						"key": "Content-Type",
						"name": "Content-Type",
						"type": "text",
						"value": "application/json"
					}
				],
				"body": {
					"mode": "raw",
					"raw": "\n\t[\n\t\t\t\t\t\t\t\"0123456789\"\n\t\t\t\t\t\t]\n"
				},
				"url": {
					"raw": "http://localhost:8080/convert/volume/metric/4.5",
					"protocol": "http",
					"host": [
						"localhost"
					],
					"port": "8080",
					"path": [
						"convert",
						"volume",
						"metric",
						"4.5"
					]
				},
				"description": "Converts Litres to Gallons or vice versa by updating the path variable"
			},
			"response": []
		},
		{
			"name": "Weight",
			"protocolProfileBehavior": {
				"disableBodyPruning": true
			},
			"request": {
				"method": "GET",
				"header": [
					{
						"key": "Authorization",
						"value": "Bearer eyJhbGciOiJIUzUxMiJ9.eyJzdWIiOiJyYXZpIiwiZXhwIjoxNjA3NTEyMTY5LCJpYXQiOjE2MDc1MDg1Njl9.J1JCtsX_bN7Sz3gDrN9VK38iRqHwcsaO3yTYJA_-OqEre7MeUjl_asmp0DX6KBkqKpUGOQK8SH_qj-d-5ZeRlQ Session eyJhbGciOiJIUzUxMiJ9.eyJzdWIiOiJyYXZpIiwiZXhwIjoxNjA3NTEyMTY5LCJpYXQiOjE2MDc1MDg1Njl9.J1JCtsX_bN7Sz3gDrN9VK38iRqHwcsaO3yTYJA_-OqEre7MeUjl_asmp0DX6KBkqKpUGOQK8SH_qj-d-5ZeRlQ",
						"type": "text"
					},
					{
						"key": "Cookie",
						"value": "eyJhbGciOiJIUzUxMiJ9.eyJzdWIiOiJ0cmV2IiwiZXhwIjoxNTk4ODY3MzA1LCJpYXQiOjE1OTg4NjcwMDV9.JZ-AnhbKPgGt9KTaysUcWR-8kMGBvCQ_c0CPkplIsVPqRVA1aXru54EP53zABEhSiPKNpKbGULpBZyi3ebc9Mw",
						"type": "text",
						"disabled": true
					},
					{
						"key": "Content-Type",
						"name": "Content-Type",
						"value": "application/json",
						"type": "text"
					}
				],
				"body": {
					"mode": "raw",
					"raw": "\n\t[\n\t\t\t\t\t\t\t\"0123456789\"\n\t\t\t\t\t\t]\n"
				},
				"url": {
					"raw": "http://localhost:8080/convert/weight/metric/4.5",
					"protocol": "http",
					"host": [
						"localhost"
					],
					"port": "8080",
					"path": [
						"convert",
						"weight",
						"metric",
						"4.5"
					]
				},
				"description": "Converts from Kilogram to Pound or vice versa by updating the path variable"
			},
			"response": []
		},
		{
			"name": "Temperature",
			"protocolProfileBehavior": {
				"disableBodyPruning": true
			},
			"request": {
				"method": "GET",
				"header": [
					{
						"key": "Authorization",
						"type": "text",
						"value": "Bearer eyJhbGciOiJIUzUxMiJ9.eyJzdWIiOiJyYXZpIiwiZXhwIjoxNjA3NTEyMTY5LCJpYXQiOjE2MDc1MDg1Njl9.J1JCtsX_bN7Sz3gDrN9VK38iRqHwcsaO3yTYJA_-OqEre7MeUjl_asmp0DX6KBkqKpUGOQK8SH_qj-d-5ZeRlQ Session eyJhbGciOiJIUzUxMiJ9.eyJzdWIiOiJyYXZpIiwiZXhwIjoxNjA3NTEyMTY5LCJpYXQiOjE2MDc1MDg1Njl9.J1JCtsX_bN7Sz3gDrN9VK38iRqHwcsaO3yTYJA_-OqEre7MeUjl_asmp0DX6KBkqKpUGOQK8SH_qj-d-5ZeRlQ"
					},
					{
						"key": "Cookie",
						"type": "text",
						"value": "eyJhbGciOiJIUzUxMiJ9.eyJzdWIiOiJ0cmV2IiwiZXhwIjoxNTk4ODY3MzA1LCJpYXQiOjE1OTg4NjcwMDV9.JZ-AnhbKPgGt9KTaysUcWR-8kMGBvCQ_c0CPkplIsVPqRVA1aXru54EP53zABEhSiPKNpKbGULpBZyi3ebc9Mw",
						"disabled": true
					},
					{
						"key": "Content-Type",
						"name": "Content-Type",
						"type": "text",
						"value": "application/json"
					}
				],
				"body": {
					"mode": "raw",
					"raw": "\n\t[\n\t\t\t\t\t\t\t\"0123456789\"\n\t\t\t\t\t\t]\n"
				},
				"url": {
					"raw": "http://localhost:8080/convert/temperature/imperial/4.5",
					"protocol": "http",
					"host": [
						"localhost"
					],
					"port": "8080",
					"path": [
						"convert",
						"temperature",
						"imperial",
						"4.5"
					]
				},
				"description": "Converts from Celsius to Fahrenheit and vice versa by changing the path variable"
			},
			"response": []
		},
		{
			"name": "Error Case - Unknown Measurement",
			"protocolProfileBehavior": {
				"disableBodyPruning": true
			},
			"request": {
				"method": "GET",
				"header": [
					{
						"key": "Authorization",
						"type": "text",
						"value": "Bearer eyJhbGciOiJIUzUxMiJ9.eyJzdWIiOiJyYXZpIiwiZXhwIjoxNjA3NTEyMTY5LCJpYXQiOjE2MDc1MDg1Njl9.J1JCtsX_bN7Sz3gDrN9VK38iRqHwcsaO3yTYJA_-OqEre7MeUjl_asmp0DX6KBkqKpUGOQK8SH_qj-d-5ZeRlQ Session eyJhbGciOiJIUzUxMiJ9.eyJzdWIiOiJyYXZpIiwiZXhwIjoxNjA3NTEyMTY5LCJpYXQiOjE2MDc1MDg1Njl9.J1JCtsX_bN7Sz3gDrN9VK38iRqHwcsaO3yTYJA_-OqEre7MeUjl_asmp0DX6KBkqKpUGOQK8SH_qj-d-5ZeRlQ"
					},
					{
						"key": "Cookie",
						"type": "text",
						"value": "eyJhbGciOiJIUzUxMiJ9.eyJzdWIiOiJ0cmV2IiwiZXhwIjoxNTk4ODY3MzA1LCJpYXQiOjE1OTg4NjcwMDV9.JZ-AnhbKPgGt9KTaysUcWR-8kMGBvCQ_c0CPkplIsVPqRVA1aXru54EP53zABEhSiPKNpKbGULpBZyi3ebc9Mw",
						"disabled": true
					},
					{
						"key": "Content-Type",
						"name": "Content-Type",
						"type": "text",
						"value": "application/json"
					}
				],
				"body": {
					"mode": "raw",
					"raw": "\n\t[\n\t\t\t\t\t\t\t\"0123456789\"\n\t\t\t\t\t\t]\n"
				},
				"url": {
					"raw": "http://localhost:8080/convert/test-error/imperial/4.5",
					"protocol": "http",
					"host": [
						"localhost"
					],
					"port": "8080",
					"path": [
						"convert",
						"test-error",
						"imperial",
						"4.5"
					]
				},
				"description": "An error case to show what happens if an unknown unit of measure is specified in the path variable"
			},
			"response": []
		},
		{
			"name": "Error Case - Unknown System",
			"protocolProfileBehavior": {
				"disableBodyPruning": true
			},
			"request": {
				"method": "GET",
				"header": [
					{
						"key": "Authorization",
						"type": "text",
						"value": "Bearer eyJhbGciOiJIUzUxMiJ9.eyJzdWIiOiJyYXZpIiwiZXhwIjoxNjA3NTEyMTY5LCJpYXQiOjE2MDc1MDg1Njl9.J1JCtsX_bN7Sz3gDrN9VK38iRqHwcsaO3yTYJA_-OqEre7MeUjl_asmp0DX6KBkqKpUGOQK8SH_qj-d-5ZeRlQ Session eyJhbGciOiJIUzUxMiJ9.eyJzdWIiOiJyYXZpIiwiZXhwIjoxNjA3NTEyMTY5LCJpYXQiOjE2MDc1MDg1Njl9.J1JCtsX_bN7Sz3gDrN9VK38iRqHwcsaO3yTYJA_-OqEre7MeUjl_asmp0DX6KBkqKpUGOQK8SH_qj-d-5ZeRlQ"
					},
					{
						"key": "Cookie",
						"type": "text",
						"value": "eyJhbGciOiJIUzUxMiJ9.eyJzdWIiOiJ0cmV2IiwiZXhwIjoxNTk4ODY3MzA1LCJpYXQiOjE1OTg4NjcwMDV9.JZ-AnhbKPgGt9KTaysUcWR-8kMGBvCQ_c0CPkplIsVPqRVA1aXru54EP53zABEhSiPKNpKbGULpBZyi3ebc9Mw",
						"disabled": true
					},
					{
						"key": "Content-Type",
						"name": "Content-Type",
						"type": "text",
						"value": "application/json"
					}
				],
				"body": {
					"mode": "raw",
					"raw": "\n\t[\n\t\t\t\t\t\t\t\"0123456789\"\n\t\t\t\t\t\t]\n"
				},
				"url": {
					"raw": "http://localhost:8080/convert/temperature/test-system/4.5",
					"protocol": "http",
					"host": [
						"localhost"
					],
					"port": "8080",
					"path": [
						"convert",
						"temperature",
						"test-system",
						"4.5"
					]
				},
				"description": "An error case to show what happens if an unknown system of measure is specified in the path variable"
			},
			"response": []
		}
	]
}